Lead,Sequence,"MW, Da",pI,GRAVY,GLP1-R_PA,GIPR_PA,Aromaticity,Instability Index
Lead 1,VAQGTFTSDYSSYLEPQAAMEFIRNLVKPRG,3476.87,6.15,-0.35,6.31,10.7,0.12903225806451613,25.006451612903227
Lead 2,YAQGTFTSCVSSYLEYQAAKEFIANLVKGRG,3402.78,8.14,-0.09,53.43,29.44,0.16129032258064516,26.448387096774194
Lead 3,WAEGTETSDVSSYLEGQAAKEFIAWLVKGRG,3386.68,4.59,-0.36,86.72,92.91,0.12903225806451613,12.090322580645159
Lead 4,YAQGTFTSDYSILLDKKAQAAFIEYLLEGGPSSGAPPPS,4091.48,4.32,-0.19,64.55,15.87,0.1282051282051282,61.44871794871793
Lead 5,YAQGTFTSDYPIMMDVRHQFDFVNHLLEFYGKKRDWQENIQQ,5197.73,5.38,-0.86,13.0,96.2,0.19047619047619047,53.616904761904756
Lead 6,YAQGTYTSDYSIKMDPIHTFDFVCRLLAQRGKSNDVSETPTQ,4785.24,5.47,-0.65,4.73,15.74,0.11904761904761904,21.069047619047616
Lead 7,YAEGTFTSDVSSYLEYQAAKKFIASLVKGGPSSGAPPPS,4009.38,6.18,-0.24,77.79,15.37,0.1282051282051282,49.44358974358973
Lead 8,YAQGTFTSDYSLYLEGQAAKEFIATLVKGGPSSGAPPPS,4007.37,4.68,-0.23,49.61,94.06,0.1282051282051282,44.5051282051282
Lead 9,YAEGTNTSDVSSYEEGQAAKEFIAWLVKGGPSSGAPPPS,3986.22,4.25,-0.56,31.1,44.03,0.10256410256410256,49.83846153846154
Lead 10,HAQGTFTSDYSKYLDEKAAKEFIQWLLQT,3419.75,5.48,-0.69,98.61,94.05,0.1724137931034483,26.479310344827585
